Genre,Spotify ID,Artist Name,Song Name
punk,spotify:track:64yrDBpcdwEdNY9loyEGbX,,
punk,spotify:track:64yrDBpcdwEdNY9loyEGbX,,
punk,spotify:track:64yrDBpcdwEdNY9loyEGbX,,
punk,spotify:track:64yrDBpcdwEdNY9loyEGbX,,
punk,spotify:track:64yrDBpcdwEdNY9loyEGbX,,
punk,spotify:track:64yrDBpcdwEdNY9loyEGbX,,
punk,spotify:track:64yrDBpcdwEdNY9loyEGbX,,
punk,spotify:track:64yrDBpcdwEdNY9loyEGbX,,
punk,spotify:track:64yrDBpcdwEdNY9loyEGbX,,
punk,spotify:track:64yrDBpcdwEdNY9loyEGbX,,
punk,spotify:track:64yrDBpcdwEdNY9loyEGbX,,
punk,spotify:track:64yrDBpcdwEdNY9loyEGbX,,
punk,spotify:track:64yrDBpcdwEdNY9loyEGbX,,
punk,spotify:track:64yrDBpcdwEdNY9loyEGbX,,
punk,spotify:track:64yrDBpcdwEdNY9loyEGbX,,
punk,spotify:track:64yrDBpcdwEdNY9loyEGbX,,
punk,spotify:track:64yrDBpcdwEdNY9loyEGbX,,
punk,spotify:track:64yrDBpcdwEdNY9loyEGbX,,
punk,spotify:track:64yrDBpcdwEdNY9loyEGbX,,
punk,spotify:track:64yrDBpcdwEdNY9loyEGbX,,
pop,spotify:track:7xbWAw3LMgRMn4omR5yVn3,,
pop,spotify:track:7xbWAw3LMgRMn4omR5yVn3,,
pop,spotify:track:7xbWAw3LMgRMn4omR5yVn3,,
pop,spotify:track:7xbWAw3LMgRMn4omR5yVn3,,
pop,spotify:track:7xbWAw3LMgRMn4omR5yVn3,,
pop,spotify:track:7xbWAw3LMgRMn4omR5yVn3,,
pop,spotify:track:7xbWAw3LMgRMn4omR5yVn3,,
pop,spotify:track:7xbWAw3LMgRMn4omR5yVn3,,
pop,spotify:track:7xbWAw3LMgRMn4omR5yVn3,,
pop,spotify:track:7xbWAw3LMgRMn4omR5yVn3,,
pop,spotify:track:7xbWAw3LMgRMn4omR5yVn3,,
pop,spotify:track:7xbWAw3LMgRMn4omR5yVn3,,
pop,spotify:track:7xbWAw3LMgRMn4omR5yVn3,,
pop,spotify:track:7xbWAw3LMgRMn4omR5yVn3,,
pop,spotify:track:7xbWAw3LMgRMn4omR5yVn3,,
pop,spotify:track:7xbWAw3LMgRMn4omR5yVn3,,
pop,spotify:track:7xbWAw3LMgRMn4omR5yVn3,,
pop,spotify:track:7xbWAw3LMgRMn4omR5yVn3,,
pop,spotify:track:7xbWAw3LMgRMn4omR5yVn3,,
pop,spotify:track:7xbWAw3LMgRMn4omR5yVn3,,
indie soul,spotify:track:7kC97zPE0PxrcItXyGdk8P,Adele,
indie soul,spotify:track:7kC97zPE0PxrcItXyGdk8P,Adele,
indie soul,spotify:track:7kC97zPE0PxrcItXyGdk8P,Adele,
indie soul,spotify:track:7kC97zPE0PxrcItXyGdk8P,Adele,
indie soul,spotify:track:7kC97zPE0PxrcItXyGdk8P,Amy Winehouse,
indie soul,spotify:track:7kC97zPE0PxrcItXyGdk8P,Amy Winehouse,
indie soul,spotify:track:7kC97zPE0PxrcItXyGdk8P,Amy Winehouse,
indie soul,spotify:track:7kC97zPE0PxrcItXyGdk8P,,
indie soul,spotify:track:7kC97zPE0PxrcItXyGdk8P,,
indie soul,spotify:track:7kC97zPE0PxrcItXyGdk8P,,
indie soul,spotify:track:7kC97zPE0PxrcItXyGdk8P,,
indie soul,spotify:track:7kC97zPE0PxrcItXyGdk8P,,
indie soul,spotify:track:7kC97zPE0PxrcItXyGdk8P,,
indie soul,spotify:track:7kC97zPE0PxrcItXyGdk8P,,
indie soul,spotify:track:7kC97zPE0PxrcItXyGdk8P,,
indie soul,spotify:track:7kC97zPE0PxrcItXyGdk8P,,
indie soul,spotify:track:7kC97zPE0PxrcItXyGdk8P,,
indie soul,spotify:track:7kC97zPE0PxrcItXyGdk8P,,
indie soul,spotify:track:7kC97zPE0PxrcItXyGdk8P,,
indie soul,spotify:track:7kC97zPE0PxrcItXyGdk8P,,
indie poptimism,spotify:track:3FpEXAupLwCHwzeUBxF99S,,
indie poptimism,spotify:track:3FpEXAupLwCHwzeUBxF99S,,
indie poptimism,spotify:track:3FpEXAupLwCHwzeUBxF99S,,
indie poptimism,spotify:track:3FpEXAupLwCHwzeUBxF99S,,
indie poptimism,spotify:track:3FpEXAupLwCHwzeUBxF99S,,
indie poptimism,spotify:track:3FpEXAupLwCHwzeUBxF99S,,
indie poptimism,spotify:track:3FpEXAupLwCHwzeUBxF99S,,
indie poptimism,spotify:track:3FpEXAupLwCHwzeUBxF99S,,
indie poptimism,spotify:track:3FpEXAupLwCHwzeUBxF99S,,
indie poptimism,spotify:track:3FpEXAupLwCHwzeUBxF99S,,
indie poptimism,spotify:track:3FpEXAupLwCHwzeUBxF99S,,
indie poptimism,spotify:track:3FpEXAupLwCHwzeUBxF99S,,
indie poptimism,spotify:track:3FpEXAupLwCHwzeUBxF99S,,
indie poptimism,spotify:track:3FpEXAupLwCHwzeUBxF99S,,
indie poptimism,spotify:track:3FpEXAupLwCHwzeUBxF99S,,
indie poptimism,spotify:track:3FpEXAupLwCHwzeUBxF99S,,
indie poptimism,spotify:track:3FpEXAupLwCHwzeUBxF99S,,
indie poptimism,spotify:track:3FpEXAupLwCHwzeUBxF99S,,
indie poptimism,spotify:track:3FpEXAupLwCHwzeUBxF99S,,
indie poptimism,spotify:track:3FpEXAupLwCHwzeUBxF99S,,
nu metal,spotify:track:7mQwxVogsnpR3h6AJLQLlR,,
nu metal,spotify:track:7mQwxVogsnpR3h6AJLQLlR,,
nu metal,spotify:track:7mQwxVogsnpR3h6AJLQLlR,,
nu metal,spotify:track:7mQwxVogsnpR3h6AJLQLlR,,
nu metal,spotify:track:7mQwxVogsnpR3h6AJLQLlR,,
nu metal,spotify:track:7mQwxVogsnpR3h6AJLQLlR,,
nu metal,spotify:track:7mQwxVogsnpR3h6AJLQLlR,,
nu metal,spotify:track:7mQwxVogsnpR3h6AJLQLlR,,
nu metal,spotify:track:7mQwxVogsnpR3h6AJLQLlR,,
nu metal,spotify:track:7mQwxVogsnpR3h6AJLQLlR,,
nu metal,spotify:track:7mQwxVogsnpR3h6AJLQLlR,,
nu metal,spotify:track:7mQwxVogsnpR3h6AJLQLlR,,
nu metal,spotify:track:7mQwxVogsnpR3h6AJLQLlR,,
nu metal,spotify:track:7mQwxVogsnpR3h6AJLQLlR,,
nu metal,spotify:track:7mQwxVogsnpR3h6AJLQLlR,,
nu metal,spotify:track:7mQwxVogsnpR3h6AJLQLlR,,
nu metal,spotify:track:7mQwxVogsnpR3h6AJLQLlR,,
nu metal,spotify:track:7mQwxVogsnpR3h6AJLQLlR,,
nu metal,spotify:track:7mQwxVogsnpR3h6AJLQLlR,,
nu metal,spotify:track:7mQwxVogsnpR3h6AJLQLlR,,